date,dppi,band_number,bird_ID,l_min,l_max,r_min,r_max
20221107,0,2939,0_2939,33.2,35.7,33.2,34.9
20221110,3,2939,3_2939,31.4,33.6,32,34
20221114,7,2939,7_2939,32,33.7,32,32.9
20221121,14,2939,14_2939,32.8,34.2,33.1,35.5
20221125,18,2939,18_2939,31.9,33.1,32.8,33.6
20221201,24,2939,24_2939,32.6,33.2,32.5,33.7
20221205,28,2939,28_2939,32.2,33,31.2,31.8
20221212,35,2939,35_2939,32.9,33.8,32.2,33.6
20221107,0,2929,0_2929,36.3,38,36.5,37.9
20221110,3,2929,3_2929,35.5,37.4,35.9,37.6
20221114,7,2929,7_2929,34.8,37.1,35.1,37
20221121,14,2929,14_2929,35.4,36,34.5,35.1
20221125,18,2929,18_2929,36.7,37.7,36,36.7
20221201,24,2929,24_2929,35.6,35.9,35.3,35.9
20221205,28,2929,28_2929,35.2,36.5,35.8,36.2
20221212,35,2929,35_2929,35.3,36.7,34.8,35.8
20221107,0,2928,0_2928,33.8,34.6,32,32.8
20221110,3,2928,3_2928,31.2,32.5,32.2,33.6
20221114,7,2928,7_2928,32.5,33.5,33,34.5
20221121,14,2928,14_2928,31.9,32.5,32.4,33.3
20221125,18,2928,18_2928,32,32.6,32,32.5
20221201,24,2928,24_2928,31.6,32.3,32,32.9
20221205,28,2928,28_2928,31.6,32.3,31.4,32.8
20221212,35,2928,35_2928,30.5,31.4,31.5,32.8
20221107,0,2926,0_2926,37.2,38.2,39.4,41.1
20221110,3,2926,3_2926,35.8,37.3,37.2,40
20221114,7,2926,7_2926,36.6,37.8,36.3,38.1
20221121,14,2926,14_2926,36.4,37.2,39,40.5
20221125,18,2926,18_2926,35.4,36.6,35.4,36.7
20221201,24,2926,24_2926,35.6,36.4,36.3,37.4
20221205,28,2926,28_2926,36.2,37,35.7,36.4
20221212,35,2926,35_2926,36,36.7,34.9,36
20221107,0,2921,0_2921,31.3,32.8,30.1,31.1
20221110,3,2921,3_2921,30.1,31.3,30.3,32.3
20221114,7,2921,7_2921,32,33.2,30.9,33.3
20221121,14,2921,14_2921,30.6,31,30.6,32.1
20221125,18,2921,18_2921,32.4,33.3,32.1,33.1
20221201,24,2921,24_2921,31.6,32.7,31.5,31.9
20221205,28,2921,28_2921,31.6,32.4,30.3,31.9
20221212,35,2921,35_2921,31.4,32.1,31.8,33
20221107,0,2920,0_2920,36.1,37,36.1,37.7
20221110,3,2920,3_2920,35.3,36.9,35.5,37.4
20221114,7,2920,7_2920,34.2,35.9,34.8,36.3
20221121,14,2920,14_2920,34.6,35,34,35.6
20221125,18,2920,18_2920,35.6,36.5,35.9,36.6
20221201,24,2920,24_2920,35.4,36.1,34.3,34.9
20221205,28,2920,28_2920,35.8,36.4,35.4,36.1
20221212,35,2920,35_2920,35.7,36.6,35.2,36.5
20221107,0,2914,0_2914,36.5,38,36,37.6
20221110,3,2914,3_2914,36.3,37.3,35.8,37.5
20221114,7,2914,7_2914,35.4,36.3,35.5,36.8
20221121,14,2914,14_2914,35.5,36.5,35.6,37.1
20221125,18,2914,18_2914,35.9,36.5,35.8,36.4
20221201,24,2914,24_2914,35.8,36.5,35.5,36.3
20221205,28,2914,28_2914,36.7,37.2,36.1,36.9
20221212,35,2914,35_2914,36.3,36.8,35.3,36.7
20221107,0,2911,0_2911,36.2,37.2,36.6,37.6
20221110,3,2911,3_2911,36.7,37.9,36.5,37.7
20221114,7,2911,7_2911,35.8,36.1,36.1,36.8
20221121,14,2911,14_2911,36,37.1,36.3,37.9
20221125,18,2911,18_2911,37.8,38.3,36.9,37.3
20221201,24,2911,24_2911,34.7,35.3,35,35.6
20221205,28,2911,28_2911,35.5,36,35.6,36.4
20221212,35,2911,35_2911,36.3,36.5,35,35.9
20221107,0,2907,0_2907,34.8,36.5,34.6,36.5
20221110,3,2907,3_2907,34.7,36.2,34.8,35.9
20221114,7,2907,7_2907,34.1,35.4,33.7,35.3
20221121,14,2907,14_2907,34.4,35.2,34.1,35.2
20221125,18,2907,18_2907,35.5,36.6,35,36.4
20221201,24,2907,24_2907,33.5,34.2,33.9,34.5
20221205,28,2907,28_2907,34.2,35,33.9,35
20221212,35,2907,35_2907,34.3,35,34.5,35.8
20221107,0,2906,0_2906,36.7,37.9,35.6,37
20221110,3,2906,3_2906,36.2,37.5,36.2,37.2
20221114,7,2906,7_2906,34.8,36.3,34.2,36.4
20221121,14,2906,14_2906,34.1,35,34.6,36.4
20221125,18,2906,18_2906,36,36.8,36.5,37.8
20221201,24,2906,24_2906,33.9,34.6,33.7,34.8
20221205,28,2906,28_2906,35.2,36.5,35.5,36
20221212,35,2906,35_2906,34.8,35.3,34.6,35.1
20221107,0,2904,0_2904,37,37.6,35.9,37.4
20221110,3,2904,3_2904,33.8,35.3,34.2,35.1
20221114,7,2904,7_2904,35.1,36.5,40.8,41.7
20221121,14,2904,14_2904,38,38.5,38.6,39.3
20221125,18,2904,18_2904,37.8,38.8,42.4,42.5
20221201,24,2904,24_2904,35.9,36.2,36.4,36.6
20221205,28,2904,28_2904,37,37.7,37.1,37.7
20221212,35,2904,35_2904,36.6,37.2,35.6,36.6
20221107,0,2903,0_2903,31.7,33.2,30.6,32.5
20221110,3,2903,3_2903,31.4,32.7,30.7,31.6
20221114,7,2903,7_2903,32.3,33.6,37.5,38.4
20221121,14,2903,14_2903,33.6,35.7,38,39.8
20221125,18,2903,18_2903,32.1,32.9,39.8,40.1
20221201,24,2903,24_2903,30.5,31.4,31.5,32.3
20221205,28,2903,28_2903,32,32.4,32.3,33.1
20221212,35,2903,35_2903,31.4,32.5,31.3,32.3
20221107,0,2894,0_2894,32.7,34.7,32.5,34.1
20221110,3,2894,3_2894,31.3,32.8,29.6,31.5
20221114,7,2894,7_2894,36.4,37.7,35,36.3
20221121,14,2894,14_2894,38.7,39.5,38.5,39.5
20221125,18,2894,18_2894,37,37.9,36.6,37.3
20221201,24,2894,24_2894,31.7,32.8,31.7,32.7
20221205,28,2894,28_2894,31.7,32.4,32,32.3
20221212,35,2894,35_2894,31.9,33.2,31.5,32.6
20221107,0,2893,0_2893,32.4,34.4,32.3,34.1
20221110,3,2893,3_2893,30.1,31.5,30.8,31.8
20221114,7,2893,7_2893,31.8,32.9,30.6,32.6
20221121,14,2893,14_2893,31.2,31.8,32.1,33.1
20221125,18,2893,18_2893,30.8,31.9,32.3,33.1
20221201,24,2893,24_2893,31.2,33,30,31
20221205,28,2893,28_2893,32.2,33.1,31.5,33.7
20221212,35,2893,35_2893,32.4,33.3,30.9,31.4
20221107,0,2892,0_2892,32.7,32.8,29.4,30.6
20221110,3,2892,3_2892,30.2,32.4,30.6,32.8
20221114,7,2892,7_2892,31.7,33,30.5,32.4
20221121,14,2892,14_2892,30.7,32.1,31.7,33.1
20221125,18,2892,18_2892,31.2,32.2,30.9,31.7
20221201,24,2892,24_2892,30.9,32.1,30.3,31.7
20221205,28,2892,28_2892,31.3,31.7,31,31.7
20221212,35,2892,35_2892,31,31.3,30.6,32.1
20221107,0,2889,0_2889,35.6,36.9,35.5,36.8
20221110,3,2889,3_2889,33.7,34.6,34,35
20221114,7,2889,7_2889,36.5,39.8,36,37.2
20221121,14,2889,14_2889,42.3,42.6,35.2,36.4
20221125,18,2889,18_2889,42.2,43.4,35.6,36
20221201,24,2889,24_2889,40.6,40.9,33.8,34.2
20221205,28,2889,28_2889,39,39.6,35.7,36.7
20221212,35,2889,35_2889,36.2,36.9,34.9,35.3
20221107,0,2883,0_2883,36.4,37.2,35.7,36.5
20221110,3,2883,3_2883,34.8,36.3,34.2,36.5
20221114,7,2883,7_2883,34.4,35.5,41,42.2
20221121,14,2883,14_2883,41.2,42,41.6,42.7
20221125,18,2883,18_2883,40.1,40.7,42.1,42.4
20221201,24,2883,24_2883,35.9,36.3,40.4,40.9
20221205,28,2883,28_2883,36.1,37,40.2,40.5
20221212,35,2883,35_2883,35.2,35.5,36,36.4
20221107,0,2880,0_2880,32.2,33.4,31.4,33.3
20221110,3,2880,3_2880,30.7,31.6,31.7,32.9
20221114,7,2880,7_2880,32.5,33.9,38.9,39.9
20221121,14,2880,14_2880,33,33.7,40.4,40.9
20221125,18,2880,18_2880,30.6,32.6,38.5,38.8
20221201,24,2880,24_2880,32.4,33.2,33,34.5
20221205,28,2880,28_2880,32.1,33.1,32.2,32.9
20221212,35,2880,35_2880,32.6,33.5,32,33
20221107,0,2879,0_2879,35.8,36.7,35.7,37
20221110,3,2879,3_2879,35.4,37.2,35.7,36.9
20221114,7,2879,7_2879,34.1,36.1,37.6,38.6
20221121,14,2879,14_2879,35.7,37.1,37,37.2
20221125,18,2879,18_2879,34.1,34.9,34.4,35.2
20221201,24,2879,24_2879,35.3,36.6,36.4,37.4
20221205,28,2879,28_2879,36.2,37.8,35.6,36.3
20221212,35,2879,35_2879,34.4,36.1,35.5,36.2
20221107,0,2874,0_2874,35.2,36.3,33.9,35.7
20221110,3,2874,3_2874,35.7,37.2,36.2,37.7
20221114,7,2874,7_2874,34.5,36.2,36.4,37.4
20221121,14,2874,14_2874,35.7,36.3,35.3,36.9
20221125,18,2874,18_2874,36.2,36.7,36,37
20221201,24,2874,24_2874,36.4,37.3,35.2,36.2
20221205,28,2874,28_2874,35.1,36,35.3,36.6
20221212,35,2874,35_2874,35,35.4,34.8,35.5
20221107,0,2869,0_2869,38.7,39.8,36.7,37.5
20221110,3,2869,3_2869,34.8,35.7,35.2,36.4
20221114,7,2869,7_2869,35.6,37.1,35.6,36.5
20221121,14,2869,14_2869,35.5,37.1,35.6,36.1
20221125,18,2869,18_2869,37.3,38.5,37.2,37.8
20221201,24,2869,24_2869,35.6,36.1,34.7,35.5
20221205,28,2869,28_2869,37.2,37.8,36.7,37.4
20221212,35,2869,35_2869,36,36.8,36.3,37.1
20221107,0,2850,0_2850,36.5,37.3,36,37
20221110,3,2850,3_2850,35.5,38.2,35.7,36.9
20221114,7,2850,7_2850,35.5,37,37.5,40.9
20221121,14,2850,14_2850,35,36.7,41.1,42.5
20221125,18,2850,18_2850,36.1,37.1,42.7,43.1
20221201,24,2850,24_2850,35.4,36,35.7,36.8
20221205,28,2850,28_2850,34.8,35.7,36.6,37.3
20221212,35,2850,35_2850,33.6,34.2,35,35.5
20221107,0,2847,0_2847,35.7,37.5,35,36.5
20221110,3,2847,3_2847,33.5,35.4,34.5,35.7
20221114,7,2847,7_2847,33.5,35.6,32.6,34.7
20221121,14,2847,14_2847,33.9,35.9,35.6,36.8
20221125,18,2847,18_2847,35.1,36.5,35.3,36.2
20221201,24,2847,24_2847,34.9,35.9,34.5,35.4
20221205,28,2847,28_2847,35.6,36.3,35.8,36.5
20221212,35,2847,35_2847,34.6,35.1,33.8,34.3
20221107,0,2846,0_2846,36.1,37.2,35.4,36.7
20221110,3,2846,3_2846,34.9,35.7,34.7,35.8
20221114,7,2846,7_2846,34.2,35.2,33.9,35.8
20221121,14,2846,14_2846,33.8,35,33.2,34.7
20221125,18,2846,18_2846,36.6,37.3,36.4,37.5
20221201,24,2846,24_2846,33.7,34.4,33.7,34.4
20221205,28,2846,28_2846,35.2,36,35.7,36.2
20221212,35,2846,35_2846,35.4,35.9,35.3,36
20221107,0,2842,0_2842,37.2,38.6,36.9,37.6
20221110,3,2842,3_2842,37.5,39.3,37.1,38.2
20221114,7,2842,7_2842,36.4,37.7,35.5,36.8
20221121,14,2842,14_2842,34.8,35.8,35.6,36.7
20221125,18,2842,18_2842,36.5,37.5,36.6,37.5
20221201,24,2842,24_2842,35.5,36.6,35.2,36.7
20221205,28,2842,28_2842,37.3,37.6,36.2,37
20221212,35,2842,35_2842,35.2,36,35,36.5
20221107,0,2813,0_2813,31.6,33,32.7,34.8
20221110,3,2813,3_2813,31.5,32.8,31.6,33
20221114,7,2813,7_2813,31.7,33.1,32,33.7
20221121,14,2813,14_2813,32.6,34,32.9,33.6
20221125,18,2813,18_2813,31.6,32.6,32.5,33.6
20221201,24,2813,24_2813,31.5,32.5,31,31.8
20221205,28,2813,28_2813,30.8,32,31.6,32.5
20221212,35,2813,35_2813,31.6,32.6,30.8,31.8
20221107,0,2802,0_2802,36,37.7,36,37.4
20221110,3,2802,3_2802,34.5,36.2,35,36.7
20221114,7,2802,7_2802,34.7,37.3,34.3,36.1
20221121,14,2802,14_2802,35,35.7,35.2,36.5
20221125,18,2802,18_2802,34.9,35.8,36.4,37.2
20221201,24,2802,24_2802,35.1,35.6,34.5,35
20221205,28,2802,28_2802,35.6,36.4,34.9,36
20221212,35,2802,35_2802,34.7,35.7,34.7,35.8
20221107,0,2799,0_2799,28,31.2,31.7,33.7
20221110,3,2799,3_2799,31.4,33.1,30.8,32.1
20221114,7,2799,7_2799,30.7,32.1,32.6,34
20221121,14,2799,14_2799,32.4,33.6,30.4,31.4
20221125,18,2799,18_2799,31.3,33.2,32.5,34.3
20221201,24,2799,24_2799,32,32.8,31.2,32.5
20221205,28,2799,28_2799,31.6,32.2,31.2,31.9
20221212,35,2799,35_2799,33,34.8,32.6,33.4
20221201,24,2789,24_2789,32.2,33.3,30.8,32.6
20221107,0,2789,0_2789,31.7,33.5,31.2,33
20221110,3,2789,3_2789,31.3,32.2,30.8,33.3
20221114,7,2789,7_2789,31.8,33.6,31.4,33.3
20221121,14,2789,14_2789,30.5,32.3,31,32
20221125,18,2789,18_2789,31.8,33,30.3,32.4
20221205,28,2789,28_2789,31.1,31.9,32.2,32.6
20221212,35,2789,35_2789,30.9,32.2,32,32.8
20221107,0,2775,0_2775,31.3,33.2,31.9,33.9
20221110,3,2775,3_2775,31.1,33.6,31.6,32.7
20221114,7,2775,7_2775,32.3,34.2,31.2,32.4
20221121,14,2775,14_2775,31.2,31.4,31.3,32.3
20221125,18,2775,18_2775,30.9,31.5,31.6,32.9
20221201,24,2775,24_2775,30.5,31.5,31.5,32
20221205,28,2775,28_2775,31.8,32.7,30.7,31.5
20221212,35,2775,35_2775,30.9,32.1,31,32.3
20221107,0,2764,0_2764,32,32.8,31.2,32.6
20221110,3,2764,3_2764,31.2,32.5,31.5,33.5
20221114,7,2764,7_2764,31.6,33.1,32.2,34.2
20221121,14,2764,14_2764,32.7,33,30.4,32.3
20221125,18,2764,18_2764,32.8,34,32.2,33.74
20221201,24,2764,24_2764,30.4,31.6,31.1,32.1
20221205,28,2764,28_2764,30.6,31.2,29.9,30.8
20221212,35,2764,35_2764,32.8,34.6,33.1,33.9
20221107,0,2750,0_2750,32,33.4,32.1,33.5
20221110,3,2750,3_2750,32,33.7,30.5,31.3
20221114,7,2750,7_2750,31.3,32.8,30.9,32.1
20221121,14,2750,14_2750,32.1,33.3,32,32.7
20221125,18,2750,18_2750,32.4,33.1,32.2,33.1
20221201,24,2750,24_2750,31.3,32.7,31.5,32.7
20221205,28,2750,28_2750,30.9,31.5,31.8,32.4
20221212,35,2750,35_2750,30.9,31.9,30.8,32.4
20221107,0,2741,0_2741,31.8,33.4,32.1,32.8
20221110,3,2741,3_2741,31.3,32.7,30.5,31.6
20221114,7,2741,7_2741,32,33.1,30.8,31.7
20221121,14,2741,14_2741,33.4,33.9,33.3,34.5
20221125,18,2741,18_2741,33.5,34.2,34,34.8
20221201,24,2741,24_2741,32.4,33.3,33.3,34.4
20221205,28,2741,28_2741,34.6,34.8,32.2,32.7
20221212,35,2741,35_2741,33.7,34.6,32.9,34.6
20221107,0,2718,0_2718,36.8,38.6,38.8,40.2
20221110,3,2718,3_2718,35.8,36.7,34.2,35.7
20221114,7,2718,7_2718,33.8,36,33.5,35
20221121,14,2718,14_2718,34.3,34.7,34.1,35.4
20221125,18,2718,18_2718,36.7,37.7,36.2,37.4
20221201,24,2718,24_2718,34.3,34.8,35.1,35.9
20221205,28,2718,28_2718,36.4,36.9,36,36.5
20221212,35,2718,35_2718,34.9,35.4,34.9,36
20221107,0,2704,0_2704,35.5,37.1,35.4,37.2
20221110,3,2704,3_2704,36.1,37.4,36,37.4
20221114,7,2704,7_2704,35.1,36.4,34.7,36.3
20221121,14,2704,14_2704,35.7,36.8,35.3,36
20221125,18,2704,18_2704,37.1,37.9,37.3,37.8
20221201,24,2704,24_2704,36.1,36.9,35.9,36.3
20221205,28,2704,28_2704,36.3,36.8,36.3,37.3
20221212,35,2704,35_2704,36.7,37.2,36.2,36.7
20221107,0,2690,0_2690,36.3,37.7,36.5,37.9
20221110,3,2690,3_2690,35.8,36.1,35.1,36.1
20221114,7,2690,7_2690,34.9,37,37.6,39.8
20221121,14,2690,14_2690,34.8,36.1,43.1,43.8
20221125,18,2690,18_2690,36.5,37.2,42.3,42.9
20221201,24,2690,24_2690,35.2,36,36.4,36.7
20221205,28,2690,28_2690,36.5,37.1,37.4,38.8
20221212,35,2690,35_2690,34,35.3,35.5,36.1
20221107,0,2689,0_2689,32.4,33.7,32.3,33.9
20221110,3,2689,3_2689,32.3,33.1,30.9,32.4
20221114,7,2689,7_2689,32.5,33.3,31.1,32.8
20221121,14,2689,14_2689,37.7,39.4,33.1,34.9
20221125,18,2689,18_2689,33,33.7,32,32.4
20221201,24,2689,24_2689,32.1,32.7,30.9,31.9
20221205,28,2689,28_2689,32.2,33,31.6,31.9
20221212,35,2689,35_2689,32.8,33.9,31.9,33.1
20221107,0,2687,0_2687,31.9,32.9,29.8,32.7
20221110,3,2687,3_2687,31.1,33.2,30.6,32
20221114,7,2687,7_2687,31.6,33.1,31,32.2
20221121,14,2687,14_2687,31.2,32.9,31.1,32.5
20221125,18,2687,18_2687,30.6,31.6,29.7,30.8
20221201,24,2687,24_2687,30.9,32.8,31.3,32.8
20221205,28,2687,28_2687,31.3,32.2,31.2,32.8
20221212,35,2687,35_2687,30.3,31.6,31.6,33
20221107,0,2684,0_2684,32.3,34.7,33.4,34.8
20221110,3,2684,3_2684,31.9,32.9,33,34.6
20221114,7,2684,7_2684,32.6,33.8,32.3,34.1
20221121,14,2684,14_2684,32.5,33.3,33,34.1
20221125,18,2684,18_2684,33.4,34,33.1,34.8
20221201,24,2684,24_2684,31.6,32.7,31.8,32.8
20221107,0,2667,0_2667,33.1,34.1,32.7,33.9
20221110,3,2667,3_2667,32.6,33.1,32.1,33.2
20221114,7,2667,7_2667,32.4,33.7,31.9,33.2
20221121,14,2667,14_2667,31.6,32.7,32.3,33.8
20221125,18,2667,18_2667,31.9,32.7,31,32
20221201,24,2667,24_2667,32.6,33,32,33.5
20221205,28,2667,28_2667,31.2,31.8,31.3,32.2
20221212,35,2667,35_2667,32.4,32.8,31.3,32
20221107,0,2655,0_2655,35,35.7,32.6,34
20221110,3,2655,3_2655,30.7,31.9,30.9,33.3
20221114,7,2655,7_2655,31.5,33.2,31.4,32.7
20221121,14,2655,14_2655,32.6,33.3,32.1,32.5
20221125,18,2655,18_2655,32.6,33.4,32.4,33.3
20221201,24,2655,24_2655,31.9,32.6,32.8,33.8
20221205,28,2655,28_2655,32,32.6,31.5,31.9
20221212,35,2655,35_2655,32.9,34.8,32.5,33.5
20221107,0,2653,0_2653,33.1,34.5,33.7,35
20221110,3,2653,3_2653,31.1,33.2,31,32.8
20221114,7,2653,7_2653,31.5,33.4,31.8,33.4
20221121,14,2653,14_2653,38.1,38.7,31.6,32.6
20221125,18,2653,18_2653,38.6,39.6,31.8,32.2
20221201,24,2653,24_2653,33.6,34.2,32.9,33.6
20221205,28,2653,28_2653,32.1,32.8,31.5,31.9
20221212,35,2653,35_2653,31.9,32.9,32.3,33.3
20221107,0,2648,0_2648,35,36.3,33.8,35.5
20221110,3,2648,3_2648,35.2,37,35.6,36.8
20221114,7,2648,7_2648,34.3,35.1,34.1,35.9
20221121,14,2648,14_2648,35.2,36.2,34.4,36.1
20221125,18,2648,18_2648,35.9,36.6,35.5,36.5
20221201,24,2648,24_2648,34.7,35.4,35.5,35.9
20221205,28,2648,28_2648,36.1,37,35.4,36.1
20221107,0,2632,0_2632,35.9,37.4,36.1,36.9
20221110,3,2632,3_2632,35.5,36.6,35.8,36.8
20221114,7,2632,7_2632,34.3,35.8,35.5,37
20221121,14,2632,14_2632,34.8,36.5,34.6,35.1
20221125,18,2632,18_2632,34.1,34.4,34.5,34.7
20221201,24,2632,24_2632,33.7,34.4,33.3,34
20221212,35,2632,35_2632,35.2,35.4,34.9,35.3
20221107,0,2623,0_2623,33.8,34.3,32.2,33.4
20221110,3,2623,3_2623,31.2,32.2,31,31.8
20221114,7,2623,7_2623,32.9,34.1,31.9,32.5
20221121,14,2623,14_2623,31.3,31.7,31.9,33.2
20221125,18,2623,18_2623,31.4,32.4,31.5,32.3
20221201,24,2623,24_2623,31.6,32.3,32,32.8
20221205,28,2623,28_2623,31.9,32.4,32.3,32.9
20221212,35,2623,35_2623,32.1,32.6,32.8,33.6
20221107,0,2603,0_2603,35.5,37.2,35.2,37.1
20221110,3,2603,3_2603,31.7,33.2,31.6,33.1
20221114,7,2603,7_2603,33,34,31.4,33.5
20221121,14,2603,14_2603,33.3,34.3,31.6,33.3
20221125,18,2603,18_2603,33.5,34.4,33.8,35.4
20221201,24,2603,24_2603,32.9,34,32.6,33.9
20221205,28,2603,28_2603,33.1,33.4,32.2,32.8
20221212,35,2603,35_2603,32.6,33.6,31.6,33.6
20221107,0,2581,0_2581,37.6,38.9,36.7,38.4
20221110,3,2581,3_2581,35.7,37.1,35.4,37.3
20221114,7,2581,7_2581,35.6,37.1,38.1,39.3
20221121,14,2581,14_2581,36.3,37.4,39.5,42.1
20221125,18,2581,18_2581,36.8,37.4,41.3,41.9
20221201,24,2581,24_2581,36.2,37.1,37,37.4
20221205,28,2581,28_2581,36.4,37.3,38,39.1
20221212,35,2581,35_2581,35.8,36.6,35.6,36.3
20221107,0,2573,0_2573,33.2,33.8,32.5,34.6
20221110,3,2573,3_2573,32.5,33.7,32.7,33.5
20221114,7,2573,7_2573,31.9,33.4,32.4,33.1
20221121,14,2573,14_2573,32.2,33.1,31.7,33
20221125,18,2573,18_2573,31.7,32.7,31.8,32.8
20221201,24,2573,24_2573,32.4,33.1,32,33.3
20221205,28,2573,28_2573,32.4,32.9,32,32.4
20221212,35,2573,35_2573,31.8,32.9,32.2,33.1
,,,,,,,
,,,,,,,
,,,,,,,
,,,,,,,
,,,,,,,
,,,,,,,
,,,,,,,
,,,,,,,
,,,,,,,
,,,,,,,
,,,,,,,
 ,,,,,,,